transaction_id,transaction_date,transaction_time,instore_yn,quantity,line_item_amount,unit_price,promo_item_yn,first_name,last_name,position,start_date,location,home_store_bool,home_store,customer_first-name,customer_email,customer_since,loyalty_card_number,birthdate,gender,birth_year,product_group,product_category,product_type,product,product_description,unit_of_measure,current_wholesale_price,current_retail_price,tax_exempt_yn,promo_yn,new_product_yn,sales_outlet_type,store_square_feet,store_address,store_city,store_state_province,store_telephone,store_postal_code,store_longitude,store_latitude,manager,Neighorhood
343,2019-04-06,13:50:03,Y,2,6,3,N,Quail,Octavia,Coffee Wrangler,12/5/2014,5,#REF!,3,Oleg Mccray,Carson@inceptos.edu,2017-10-15,509-169-2093,1967-12-05,M,1967,Beverages,Coffee,Drip coffee,Our Old Time Diner Blend Lg,An honest cup a coffee.,24 oz,0.600000024,$3.00 ,Y,N,N,retail,1300,32-20 Broadway,Long Island City,NY,777-718-3190,11106,-73.92401123,40.76119614,6,Astoria
401,2019-04-13,17:40:12,Y,2,7.5,3.75,N,Orson,Benedict,Coffee Wrangler,7/26/2016,7,#REF!,5,Mia,Rae@eget.net,2017-12-13,552-336-1347,1989-01-10,N,1989,Beverages,Coffee,Barista Espresso,Cappuccino,You will think you are in Venice when you sip this one. ,1.5 oz,0.75,$3.75 ,Y,N,N,retail,900,100 Church Street,New York,NY,343-212-5151,10007,-74.01013184,40.71329117,16,Lower Manhattan
247,2019-04-07,13:29:08,N,1,3.099999905,3.099999905,N,Ronan,Magee,Coffee Wrangler,2/13/2002,5,#REF!,3,Amela Watts,Belle@nibh.net,2017-08-02,682-557-1438,1963-05-18,F,1963,Beverages,Coffee,Premium brewed coffee,Jamaican Coffee River Rg,Still a front runner for good premium coffee. ,16 oz,0.620000005,$3.10 ,Y,N,N,retail,1300,32-20 Broadway,Long Island City,NY,777-718-3190,11106,-73.92401123,40.76119614,6,Astoria
164,2019-04-19,07:35:23,N,1,4.25,4.25,N,Xena,Rahim,Store Manager,7/24/2016,3,#REF!,8,Phelan,Declan@dictum.net,2018-01-17,097-960-4518,1985-12-14,M,1985,Beverages,Coffee,Barista Espresso,Cappuccino Lg,You will think you are in Venice when you sip this one. ,3.0 oz,0.850000024,$4.25 ,Y,N,N,retail,1500,687 9th Avenue,New York,NY,652-212-7020,10036,-73.99034119,40.7618866,31,Hell's Kitchen
465,2019-04-05,11:51:47,Y,1,3.25,3.25,N,Britanni,Jorden,Coffee Wrangler,3/25/2006,4,#REF!,5,Akeem,Summer@tortor.com,2018-08-22,583-439-3989,1987-02-12,M,1987,Food,Bakery,Scone,Cranberry Scone,Like Grandma used to make,single,2.109999895,$3.25 ,N,N,N,retail,900,100 Church Street,New York,NY,343-212-5151,10007,-74.01013184,40.71329117,16,Lower Manhattan
267,2019-04-20,10:55:03,N,1,2.650000095,2.650000095,Y,Britanni,Jorden,Coffee Wrangler,3/25/2006,4,#REF!,5,Slade,Edward@mi.net,2017-11-17,786-552-7269,1988-05-11,N,1988,Food,Bakery,Scone,Ginger Scone,Little bit of spice,single,2.109999895,$3.25 ,N,N,N,retail,900,100 Church Street,New York,NY,343-212-5151,10007,-74.01013184,40.71329117,16,Lower Manhattan
112,2019-04-11,08:47:17,N,1,3.25,3.25,N,Kylie,Candace,Coffee Wrangler,1/30/2011,10,#REF!,8,Chanda,Rowan@pellentesque.edu,2019-03-21,983-464-8781,1969-06-15,F,1969,Food,Bakery,Biscotti,Hazelnut Biscotti,Crunch!,single,2.279999971,$3.50 ,N,N,N,retail,1500,687 9th Avenue,New York,NY,652-212-7020,10036,-73.99034119,40.7618866,31,Hell's Kitchen
43,2019-04-11,08:31:04,Y,2,1.600000024,0.800000012,N,Adrian,Macon,Store Manager,10/13/2001,10,#REF!,8,Kadeem,Dahlia@dictum.net,2017-05-06,405-886-4701,2000-03-25,M,2000,Add-ons,Flavours,Sugar free syrup,Sugar Free Vanilla syrup,Our favorite,pump,0.039999999,$0.80 ,Y,N,N,retail,1500,687 9th Avenue,New York,NY,652-212-7020,10036,-73.99034119,40.7618866,31,Hell's Kitchen
1712,2019-04-02,17:57:34,N,1,3,3,N,Remedios,Mari,Coffee Wrangler,5/9/2014,4,#REF!,8,Beck,Elton@dapibus.net,2018-08-26,816-825-4926,1951-11-17,M,1951,Beverages,Tea,Brewed Black tea,Earl Grey Lg,Tradition in a cup.,24 oz,0.75,$3.00 ,Y,N,N,retail,1500,687 9th Avenue,New York,NY,652-212-7020,10036,-73.99034119,40.7618866,31,Hell's Kitchen
1598,2019-04-24,19:00:57,N,2,7.5,3.75,N,Ronan,Magee,Coffee Wrangler,2/13/2002,5,#REF!,3,Ferris Horn,Porter@laoreet.edu,2019-03-12,408-623-8368,1999-07-27,M,1999,Beverages,Coffee,Barista Espresso,Latte,You will think you are in Venice when you sip this one. ,1.5 oz,0.75,$3.75 ,Y,N,N,retail,1300,32-20 Broadway,Long Island City,NY,777-718-3190,11106,-73.92401123,40.76119614,6,Astoria
114,2019-04-11,10:58:51,N,1,3.5,3.5,N,Adrian,Macon,Store Manager,10/13/2001,10,#REF!,8,Adena,Deirdre@magna.us,2018-10-04,616-982-4040,1998-08-23,F,1998,Food,Bakery,Biscotti,Ginger Biscotti,Crunch!,single,2.279999971,$3.50 ,N,N,N,retail,1500,687 9th Avenue,New York,NY,652-212-7020,10036,-73.99034119,40.7618866,31,Hell's Kitchen
1831,2019-04-05,18:38:16,Y,1,3.75,3.75,N,Kylie,Candace,Coffee Wrangler,1/30/2011,10,#REF!,8,Natalie,Irene@volutpat.gov,2018-02-23,322-761-0794,1954-10-17,F,1954,Beverages,Drinking Chocolate,Hot chocolate,Sustainably Grown Organic Rg,Just pure notes of spice.,12 oz,2.809999943,$3.75 ,Y,N,N,retail,1500,687 9th Avenue,New York,NY,652-212-7020,10036,-73.99034119,40.7618866,31,Hell's Kitchen
756,2019-04-04,14:06:20,Y,2,6,3,N,Britanni,Jorden,Coffee Wrangler,3/25/2006,4,#REF!,5,Yardley,Neve@Class.gov,2019-02-10,085-930-2719,1999-10-25,N,1999,Beverages,Tea,Brewed Black tea,English Breakfast Lg,The Queen's favourite cuppa in the morning. ,24 oz,0.75,$3.00 ,Y,N,N,retail,900,100 Church Street,New York,NY,343-212-5151,10007,-74.01013184,40.71329117,16,Lower Manhattan
1183,2019-04-05,17:03:37,N,2,5,2.5,N,Remedios,Mari,Coffee Wrangler,5/9/2014,4,#REF!,8,Holly,Kirk@ullamcorper.net,2018-05-07,732-673-2150,1967-09-12,F,1967,Beverages,Tea,Brewed Chai tea,Morning Sunrise Chai Rg,Face the morning after your yoga routine. ,16 oz,0.629999995,$2.50 ,Y,N,N,retail,1500,687 9th Avenue,New York,NY,652-212-7020,10036,-73.99034119,40.7618866,31,Hell's Kitchen
320,2019-04-14,14:08:32,Y,1,2.200000048,2.200000048,N,Quail,Octavia,Coffee Wrangler,12/5/2014,5,#REF!,3,Kuame Johnston,Wyoming@scelerisque.org,2019-02-10,978-328-0944,1997-09-12,M,1997,Beverages,Coffee,Gourmet brewed coffee,Ethiopia Sm,A bold cup when you want that something extra.,8 oz,0.439999998,$2.20 ,Y,N,N,retail,1300,32-20 Broadway,Long Island City,NY,777-718-3190,11106,-73.92401123,40.76119614,6,Astoria
3672,2019-04-22,11:01:43,N,2,5,2.5,N,Damon,Sasha,Coffee Wrangler,6/5/2010,4,#REF!,3,Joelle Workman,Perry@nascetur.edu,2018-01-27,108-768-6055,1974-05-08,F,1974,Beverages,Tea,Brewed herbal tea,Peppermint Rg,A cool and refreshing cup.,16 oz,0.629999995,$2.50 ,Y,N,N,retail,1300,32-20 Broadway,Long Island City,NY,777-718-3190,11106,-73.92401123,40.76119614,6,Astoria
366,2019-04-13,11:57:45,Y,2,5.099999905,2.549999952,N,Tatum,Laurel,Coffee Wrangler,1/31/2015,10,#REF!,8,Rhonda,Amal@lectus.gov,2017-11-26,836-705-0650,1991-01-28,N,1991,Beverages,Tea,Brewed Chai tea,Spicy Eye Opener Chai Rg,When you need your eyes opened wide.,16 oz,0.639999986,$2.55 ,Y,N,N,retail,1500,687 9th Avenue,New York,NY,652-212-7020,10036,-73.99034119,40.7618866,31,Hell's Kitchen
259,2019-04-12,08:04:39,Y,1,3,3,N,Britanni,Jorden,Coffee Wrangler,3/25/2006,4,#REF!,5,Maxwell,Azalia@Curabitur.gov,2018-02-08,397-196-9361,1990-06-25,N,1990,Beverages,Coffee,Barista Espresso,Espresso shot,You will think you are in Venice when you sip this one. ,1.5 oz,0.600000024,$3.00 ,Y,N,N,retail,900,100 Church Street,New York,NY,343-212-5151,10007,-74.01013184,40.71329117,16,Lower Manhattan
3539,2019-04-28,10:36:21,N,2,8.5,4.25,N,Ronan,Magee,Coffee Wrangler,2/13/2002,5,#REF!,3,Sopoline Garrison,Rahim@Maecenas.net,2018-07-20,126-181-1670,1985-01-24,F,1985,Beverages,Coffee,Barista Espresso,Latte Rg,You will think you are in Venice when you sip this one. ,3.0 oz,0.850000024,$4.25 ,Y,N,N,retail,1300,32-20 Broadway,Long Island City,NY,777-718-3190,11106,-73.92401123,40.76119614,6,Astoria
1254,2019-04-02,11:18:37,N,2,4,2,N,Amela,Chadwick,Coffee Wrangler,9/17/2005,7,#REF!,5,Hadassah,Nicole@montes.net,2017-11-08,413-044-2732,1969-05-17,F,1969,Beverages,Coffee,Drip coffee,Our Old Time Diner Blend Sm,An honest cup a coffee.,8 oz,0.400000006,$2.00 ,Y,N,N,retail,900,100 Church Street,New York,NY,343-212-5151,10007,-74.01013184,40.71329117,16,Lower Manhattan
131,2019-04-21,10:03:20,Y,1,2.5,2.5,N,Joelle,Christen,Store Manager,11/11/2013,7,#REF!,5,Bert,Heidi@fermentum.gov,2018-11-24,960-739-4742,1992-11-27,M,1992,Beverages,Coffee,Drip coffee,Our Old Time Diner Blend Rg,An honest cup a coffee.,16 oz,0.5,$2.50 ,Y,N,N,retail,900,100 Church Street,New York,NY,343-212-5151,10007,-74.01013184,40.71329117,16,Lower Manhattan
330,2019-04-27,13:32:22,Y,1,3.25,3.25,N,Orson,Benedict,Coffee Wrangler,7/26/2016,7,#REF!,5,Abbot,Raja@ante.com,2019-01-26,019-757-1798,1996-10-07,M,1996,Food,Bakery,Scone,Ginger Scone,Little bit of spice,single,2.109999895,$3.25 ,N,N,N,retail,900,100 Church Street,New York,NY,343-212-5151,10007,-74.01013184,40.71329117,16,Lower Manhattan
127,2019-04-08,10:13:56,N,1,19.75,19.75,N,Joseph,Byron,Coffee Wrangler,5/17/2014,7,#REF!,5,Anika,Rebekah@pellentesque.org,2017-09-18,299-701-2190,1986-11-05,N,1986,Whole Bean/Teas,Coffee beans,Premium Beans,Jamacian Coffee River,"Ya man, it will start your day off right. ",1 lb,15.80000019,$19.75 ,Y,N,N,retail,900,100 Church Street,New York,NY,343-212-5151,10007,-74.01013184,40.71329117,16,Lower Manhattan
1137,2019-04-04,09:34:47,N,1,3,3,N,Kylie,Candace,Coffee Wrangler,1/30/2011,10,#REF!,8,Hollee,Bo@scelerisque.org,2018-12-02,892-780-1640,1977-11-14,F,1977,Beverages,Coffee,Gourmet brewed coffee,Columbian Medium Roast Lg,A smooth cup of coffee any time of day. ,24 oz,0.600000024,$3.00 ,Y,N,N,retail,1500,687 9th Avenue,New York,NY,652-212-7020,10036,-73.99034119,40.7618866,31,Hell's Kitchen
1754,2019-04-05,12:29:14,Y,1,4.5,4.5,N,Britanni,Jorden,Coffee Wrangler,3/25/2006,4,#REF!,5,Vernon,Mariko@ante.edu,2017-11-17,525-598-5856,1969-12-18,M,1969,Beverages,Drinking Chocolate,Hot chocolate,Dark chocolate Lg,"Slightly bitter, but still very rich. ",16 oz,3.380000114,$4.50 ,Y,N,N,retail,900,100 Church Street,New York,NY,343-212-5151,10007,-74.01013184,40.71329117,16,Lower Manhattan
135,2019-04-08,16:09:09,N,1,3,3,N,Caldwell,Veda,Coffee Wrangler,9/9/2013,3,#REF!,3,Gabriel Hansen,Declan@fames.net,2017-11-15,035-933-1503,1969-10-19,M,1969,Beverages,Tea,Brewed Green tea,Serenity Green Tea Lg,Feel the stress leaving your body. ,24 oz,0.75,$3.00 ,Y,N,N,retail,1300,32-20 Broadway,Long Island City,NY,777-718-3190,11106,-73.92401123,40.76119614,6,Astoria
2262,2019-04-01,17:35:26,N,1,3,3,N,Quail,Octavia,Coffee Wrangler,12/5/2014,5,#REF!,3,Donovan Cruz,Madison@gravida.net,2018-10-25,625-957-7041,1991-01-24,M,1991,Beverages,Tea,Brewed Green tea,Serenity Green Tea Lg,Feel the stress leaving your body. ,24 oz,0.75,$3.00 ,Y,N,N,retail,1300,32-20 Broadway,Long Island City,NY,777-718-3190,11106,-73.92401123,40.76119614,6,Astoria
58,2019-04-20,10:31:35,Y,1,3,3,N,Britanni,Jorden,Coffee Wrangler,3/25/2006,4,#REF!,3,Jonas Henson,Sean@Etiam.edu,2017-10-10,786-254-2852,1967-08-03,N,1967,Beverages,Coffee,Organic brewed coffee,Brazilian Rg,It's like Carnival in a cup. Clean and smooth.,16 oz,0.600000024,$3.00 ,Y,N,N,retail,1300,32-20 Broadway,Long Island City,NY,777-718-3190,11106,-73.92401123,40.76119614,6,Astoria
346,2019-04-07,08:13:11,N,2,6,3,N,Reed,Eve,Store Manager,3/30/2006,5,#REF!,3,Halee Perez,Xyla@lorem.gov,2018-10-09,808-506-0308,1990-01-16,F,1990,Beverages,Coffee,Gourmet brewed coffee,Ethiopia Rg,A bold cup when you want that something extra.,16 oz,0.600000024,$3.00 ,Y,N,N,retail,1300,32-20 Broadway,Long Island City,NY,777-718-3190,11106,-73.92401123,40.76119614,6,Astoria
178,2019-04-04,11:44:07,Y,2,6,3,N,Quail,Octavia,Coffee Wrangler,12/5/2014,5,#REF!,3,Peter Robertson,Ursula@vel.gov,2018-05-21,913-375-5124,1981-05-14,M,1981,Beverages,Coffee,Drip coffee,Our Old Time Diner Blend Lg,An honest cup a coffee.,24 oz,0.600000024,$3.00 ,Y,N,N,retail,1300,32-20 Broadway,Long Island City,NY,777-718-3190,11106,-73.92401123,40.76119614,6,Astoria
1544,2019-04-16,16:06:40,N,2,6,3,N,Tatum,Laurel,Coffee Wrangler,1/31/2015,10,#REF!,8,Ayanna,Robin@aliquam.net,2017-06-04,748-064-1414,1976-07-05,F,1976,Beverages,Coffee,Gourmet brewed coffee,Ethiopia Rg,A bold cup when you want that something extra.,16 oz,0.600000024,$3.00 ,Y,N,N,retail,1500,687 9th Avenue,New York,NY,652-212-7020,10036,-73.99034119,40.7618866,31,Hell's Kitchen
2114,2019-04-03,16:32:00,Y,1,4.25,4.25,N,Remedios,Mari,Coffee Wrangler,5/9/2014,4,#REF!,8,Rajah,Robert@conubia.us,2017-07-06,395-059-7294,1992-06-25,N,1992,Beverages,Coffee,Barista Espresso,Cappuccino Lg,You will think you are in Venice when you sip this one. ,3.0 oz,0.850000024,$4.25 ,Y,N,N,retail,1500,687 9th Avenue,New York,NY,652-212-7020,10036,-73.99034119,40.7618866,31,Hell's Kitchen
79,2019-04-04,11:06:11,N,1,3,3,N,Amela,Chadwick,Coffee Wrangler,9/17/2005,7,#REF!,5,Ruth,Yoko@primis.gov,2017-06-23,229-461-5730,1960-11-13,F,1960,Beverages,Coffee,Barista Espresso,Espresso shot,You will think you are in Venice when you sip this one. ,1.5 oz,0.600000024,$3.00 ,Y,N,N,retail,900,100 Church Street,New York,NY,343-212-5151,10007,-74.01013184,40.71329117,16,Lower Manhattan
1541,2019-04-03,13:20:28,Y,2,6,3,N,Britanni,Jorden,Coffee Wrangler,3/25/2006,4,#REF!,3,Katell Dunlap,Sonya@quis.org,2017-03-27,111-197-6166,1955-06-20,F,1955,Beverages,Coffee,Drip coffee,Our Old Time Diner Blend Lg,An honest cup a coffee.,24 oz,0.600000024,$3.00 ,Y,N,N,retail,1300,32-20 Broadway,Long Island City,NY,777-718-3190,11106,-73.92401123,40.76119614,6,Astoria
144,2019-04-13,08:33:56,N,2,5,2.5,N,Remedios,Mari,Coffee Wrangler,5/9/2014,4,#REF!,8,Flynn,Ariel@hendrerit.gov,2018-06-26,454-963-7887,1972-03-08,M,1972,Beverages,Coffee,Gourmet brewed coffee,Columbian Medium Roast Rg,A smooth cup of coffee any time of day. ,16 oz,0.5,$2.50 ,Y,N,N,retail,1500,687 9th Avenue,New York,NY,652-212-7020,10036,-73.99034119,40.7618866,31,Hell's Kitchen
2769,2019-04-03,14:48:30,Y,1,3.5,3.5,N,Kylie,Candace,Coffee Wrangler,1/30/2011,10,#REF!,8,Duncan,Jolie@dolor.gov,2017-10-21,645-021-7419,1965-02-16,M,1965,Beverages,Coffee,Organic brewed coffee,Brazilian Lg,It's like Carnival in a cup. Clean and smooth.,24 oz,0.699999988,$3.50 ,Y,N,N,retail,1500,687 9th Avenue,New York,NY,652-212-7020,10036,-73.99034119,40.7618866,31,Hell's Kitchen
1549,2019-04-03,17:42:34,N,2,6,3,N,Britanni,Jorden,Coffee Wrangler,3/25/2006,4,#REF!,5,Gwendolyn,Margaret@primis.com,2017-05-10,928-830-4565,1983-07-06,N,1983,Beverages,Tea,Brewed herbal tea,Peppermint Lg,A cool and refreshing cup.,24 oz,0.75,$3.00 ,Y,N,N,retail,900,100 Church Street,New York,NY,343-212-5151,10007,-74.01013184,40.71329117,16,Lower Manhattan
1796,2019-04-04,17:30:09,N,1,2.200000048,2.200000048,N,Quail,Octavia,Coffee Wrangler,12/5/2014,5,#REF!,3,Denise Matthews,Hannah@facilisis.org,2017-02-12,212-992-5826,1952-10-15,F,1952,Beverages,Coffee,Organic brewed coffee,Brazilian Sm,It's like Carnival in a cup. Clean and smooth.,8 oz,0.439999998,$2.20 ,Y,N,N,retail,1300,32-20 Broadway,Long Island City,NY,777-718-3190,11106,-73.92401123,40.76119614,6,Astoria
3165,2019-04-26,11:32:43,N,1,2.5,2.5,N,Ronan,Magee,Coffee Wrangler,2/13/2002,5,#REF!,3,Dorothy Cortez,Alika@auctor.gov,2018-08-22,965-870-4747,1987-02-09,F,1987,Beverages,Tea,Brewed Chai tea,Traditional Blend Chai Rg,Sit back and think of the tropical breezes.,16 oz,0.629999995,$2.50 ,Y,N,N,retail,1300,32-20 Broadway,Long Island City,NY,777-718-3190,11106,-73.92401123,40.76119614,6,Astoria
2102,2019-04-04,16:52:13,Y,2,7,3.5,N,Quail,Octavia,Coffee Wrangler,12/5/2014,5,#REF!,3,Selma Blackburn,Rebekah@dictum.us,2018-06-17,310-298-0777,1983-01-10,F,1983,Beverages,Drinking Chocolate,Hot chocolate,Dark chocolate Rg,"Slightly bitter, but still very rich. ",12 oz,2.630000114,$3.50 ,Y,N,N,retail,1300,32-20 Broadway,Long Island City,NY,777-718-3190,11106,-73.92401123,40.76119614,6,Astoria
570,2019-04-21,15:28:27,Y,3,9,3,N,Ainsley,Evelyn,Coffee Wrangler,7/31/2003,7,#REF!,5,Martina,Gage@vitae.net,2018-05-13,818-976-4720,1980-11-09,F,1980,Beverages,Tea,Brewed herbal tea,Peppermint Lg,A cool and refreshing cup.,24 oz,0.75,$3.00 ,Y,N,N,retail,900,100 Church Street,New York,NY,343-212-5151,10007,-74.01013184,40.71329117,16,Lower Manhattan
1635,2019-04-02,16:49:33,N,1,3,3,N,Britanni,Jorden,Coffee Wrangler,3/25/2006,4,#REF!,5,Ira,Laith@placerat.us,2017-04-16,776-003-9601,1982-11-27,N,1982,Beverages,Tea,Brewed Green tea,Serenity Green Tea Lg,Feel the stress leaving your body. ,24 oz,0.75,$3.00 ,Y,N,N,retail,900,100 Church Street,New York,NY,343-212-5151,10007,-74.01013184,40.71329117,16,Lower Manhattan
381,2019-04-11,13:03:22,N,1,3,3,N,Reed,Eve,Store Manager,3/30/2006,5,#REF!,3,Oleg Justice,John@morbi.com,2017-02-28,254-619-7592,1953-10-22,N,1953,Beverages,Coffee,Gourmet brewed coffee,Columbian Medium Roast Lg,A smooth cup of coffee any time of day. ,24 oz,0.600000024,$3.00 ,Y,N,N,retail,1300,32-20 Broadway,Long Island City,NY,777-718-3190,11106,-73.92401123,40.76119614,6,Astoria
590,2019-04-28,14:16:20,N,2,5,2.5,N,Kylie,Candace,Coffee Wrangler,1/30/2011,10,#REF!,8,Dorothy,Quon@at.gov,2017-06-29,633-308-2054,1980-06-23,F,1980,Beverages,Tea,Brewed herbal tea,Lemon Grass Rg,You will think you are in Thailand. ,16 oz,0.629999995,$2.50 ,Y,N,N,retail,1500,687 9th Avenue,New York,NY,652-212-7020,10036,-73.99034119,40.7618866,31,Hell's Kitchen
234,2019-04-06,14:48:22,Y,2,6.199999809,3.099999905,N,Britanni,Jorden,Coffee Wrangler,3/25/2006,4,#REF!,5,Addison,Burke@dictum.net,2018-12-18,420-908-0711,1994-05-29,M,1994,Beverages,Tea,Brewed Chai tea,Spicy Eye Opener Chai Lg,When you need your eyes opened wide.,24 oz,0.779999971,$3.10 ,Y,N,N,retail,900,100 Church Street,New York,NY,343-212-5151,10007,-74.01013184,40.71329117,16,Lower Manhattan
1325,2019-04-03,18:46:51,Y,2,7,3.5,N,Kylie,Candace,Coffee Wrangler,1/30/2011,10,#REF!,8,Neve,Clarke@egestas.org,2017-01-31,206-883-8196,1956-01-05,F,1956,Beverages,Coffee,Organic brewed coffee,Brazilian Lg,It's like Carnival in a cup. Clean and smooth.,24 oz,0.699999988,$3.50 ,Y,N,N,retail,1500,687 9th Avenue,New York,NY,652-212-7020,10036,-73.99034119,40.7618866,31,Hell's Kitchen
1837,2019-04-25,19:39:41,Y,1,2.450000048,2.450000048,N,Pandora,Neville,Coffee Wrangler,3/21/2019,10,#REF!,8,Peter,Noble@felis.net,2018-02-21,944-161-3141,1966-01-10,M,1966,Beverages,Coffee,Premium brewed coffee,Jamaican Coffee River Sm,Still a front runner for good premium coffee. ,8 oz,0.49000001,$2.45 ,Y,N,N,retail,1500,687 9th Avenue,New York,NY,652-212-7020,10036,-73.99034119,40.7618866,31,Hell's Kitchen
74,2019-04-24,17:44:19,Y,2,7,3.5,N,Damon,Sasha,Coffee Wrangler,6/5/2010,4,#REF!,3,Bernard Everett,Jelani@egestas.edu,2017-02-04,711-278-7766,1952-04-11,N,1952,Beverages,Drinking Chocolate,Hot chocolate,Dark chocolate Rg,"Slightly bitter, but still very rich. ",12 oz,2.630000114,$3.50 ,Y,N,N,retail,1300,32-20 Broadway,Long Island City,NY,777-718-3190,11106,-73.92401123,40.76119614,6,Astoria
134,2019-04-08,09:57:25,N,1,3,3,N,Joelle,Christen,Store Manager,11/11/2013,7,#REF!,5,Maggy,Alfreda@nulla.us,2017-12-30,535-247-3161,1989-06-14,N,1989,Beverages,Tea,Brewed Chai tea,Traditional Blend Chai Lg,Sit back and think of the tropical breezes.,24 oz,0.75,$3.00 ,Y,N,N,retail,900,100 Church Street,New York,NY,343-212-5151,10007,-74.01013184,40.71329117,16,Lower Manhattan
1373,2019-04-23,06:47:21,N,1,2.5,2.5,N,Xena,Rahim,Store Manager,7/24/2016,3,#REF!,8,Madaline,Abbot@posuere.org,2019-03-30,000-568-0551,1973-06-05,F,1973,Beverages,Coffee,Drip coffee,Our Old Time Diner Blend Rg,An honest cup a coffee.,16 oz,0.5,$2.50 ,Y,N,N,retail,1500,687 9th Avenue,New York,NY,652-212-7020,10036,-73.99034119,40.7618866,31,Hell's Kitchen
3,2019-04-12,09:05:01,Y,1,3.099999905,3.099999905,N,Tamekah,Maya,Coffee Wrangler,5/17/2005,10,#REF!,8,Eagan,Jelani@urna.com,2017-10-09,999-480-1446,1984-07-19,M,1984,Beverages,Tea,Brewed Chai tea,Spicy Eye Opener Chai Lg,When you need your eyes opened wide.,24 oz,0.779999971,$3.10 ,Y,N,N,retail,1500,687 9th Avenue,New York,NY,652-212-7020,10036,-73.99034119,40.7618866,31,Hell's Kitchen
406,2019-04-10,16:43:16,Y,1,4.25,4.25,N,Pandora,Neville,Coffee Wrangler,3/21/2019,10,#REF!,8,Ori,Rhea@Lorem.edu,2019-03-25,815-601-5606,1993-02-22,N,1993,Beverages,Coffee,Barista Espresso,Cappuccino Lg,You will think you are in Venice when you sip this one. ,3.0 oz,0.850000024,$4.25 ,Y,N,N,retail,1500,687 9th Avenue,New York,NY,652-212-7020,10036,-73.99034119,40.7618866,31,Hell's Kitchen
530,2019-04-01,19:28:35,Y,1,4,4,N,Quail,Octavia,Coffee Wrangler,12/5/2014,5,#REF!,3,Xenos Shepard,Nerea@nulla.edu,2018-05-24,278-534-9316,1981-07-15,M,1981,Beverages,Tea,Brewed Chai tea,Morning Sunrise Chai Lg,Face the morning after your yoga routine. ,24 oz,1,$4.00 ,Y,N,N,retail,1300,32-20 Broadway,Long Island City,NY,777-718-3190,11106,-73.92401123,40.76119614,6,Astoria
427,2019-04-07,18:49:55,N,1,2.5,2.5,N,Reed,Eve,Store Manager,3/30/2006,5,#REF!,3,Lael Harrison,Cora@Duis.edu,2018-11-21,506-376-8984,1992-09-20,F,1992,Beverages,Tea,Brewed herbal tea,Lemon Grass Rg,You will think you are in Thailand. ,16 oz,0.629999995,$2.50 ,Y,N,N,retail,1300,32-20 Broadway,Long Island City,NY,777-718-3190,11106,-73.92401123,40.76119614,6,Astoria
1690,2019-04-03,10:24:07,N,2,5,2.5,N,Remedios,Mari,Coffee Wrangler,5/9/2014,4,#REF!,8,Dane,Iona@risus.edu,2017-08-11,009-922-7156,1967-11-25,M,1967,Beverages,Tea,Brewed Chai tea,Traditional Blend Chai Rg,Sit back and think of the tropical breezes.,16 oz,0.629999995,$2.50 ,Y,N,N,retail,1500,687 9th Avenue,New York,NY,652-212-7020,10036,-73.99034119,40.7618866,31,Hell's Kitchen
118,2019-04-21,08:29:46,N,1,2,2,N,Reed,Eve,Store Manager,3/30/2006,5,#REF!,3,Benjamin Briggs,Geoffrey@amet.com,2017-04-27,536-937-9056,1957-05-19,N,1957,Beverages,Coffee,Gourmet brewed coffee,Columbian Medium Roast Sm,A smooth cup of coffee any time of day. ,8 oz,0.400000006,$2.00 ,Y,N,N,retail,1300,32-20 Broadway,Long Island City,NY,777-718-3190,11106,-73.92401123,40.76119614,6,Astoria
394,2019-04-11,12:14:30,N,1,4.5,4.5,N,Ainsley,Evelyn,Coffee Wrangler,7/31/2003,7,#REF!,5,Garrett,Plato@Aliquam.com,2018-01-15,416-019-0682,1973-08-10,M,1973,Beverages,Drinking Chocolate,Hot chocolate,Dark chocolate Lg,"Slightly bitter, but still very rich. ",16 oz,3.380000114,$4.50 ,Y,N,N,retail,900,100 Church Street,New York,NY,343-212-5151,10007,-74.01013184,40.71329117,16,Lower Manhattan
1565,2019-04-03,07:13:26,N,2,6,3,N,Britanni,Jorden,Coffee Wrangler,3/25/2006,4,#REF!,5,Ray,Nigel@ultrices.us,2017-09-02,668-644-6225,1965-03-31,M,1965,Beverages,Coffee,Drip coffee,Our Old Time Diner Blend Lg,An honest cup a coffee.,24 oz,0.600000024,$3.00 ,Y,N,N,retail,900,100 Church Street,New York,NY,343-212-5151,10007,-74.01013184,40.71329117,16,Lower Manhattan
69,2019-04-10,09:25:06,Y,1,3.5,3.5,N,Ezekiel,Rashad,Coffee Wrangler,11/13/2005,5,#REF!,3,Raya Sanders,Carla@hymenaeos.edu,2018-05-29,878-481-9768,1981-11-16,F,1981,Food,Bakery,Pastry,Croissant,Flakey and buttery,single,2.109999895,$3.25 ,N,N,N,retail,1300,32-20 Broadway,Long Island City,NY,777-718-3190,11106,-73.92401123,40.76119614,6,Astoria
610,2019-04-26,10:49:11,Y,2,1.600000024,0.800000012,N,Joelle,Christen,Store Manager,11/11/2013,7,#REF!,5,Keegan,Shelby@auctor.edu,2018-02-09,978-515-9886,1975-02-10,M,1975,Add-ons,Flavours,Regular syrup,Hazelnut syrup,Bursting with nutty flavour,pump,0.039999999,$0.80 ,Y,N,N,retail,900,100 Church Street,New York,NY,343-212-5151,10007,-74.01013184,40.71329117,16,Lower Manhattan
2139,2019-04-18,16:38:54,Y,2,6.199999809,3.099999905,N,Tatum,Laurel,Coffee Wrangler,1/31/2015,10,#REF!,8,Tashya,Maisie@libero.net,2019-02-04,144-718-0046,1992-12-11,F,1992,Beverages,Coffee,Premium brewed coffee,Jamaican Coffee River Rg,Still a front runner for good premium coffee. ,16 oz,0.620000005,$3.10 ,Y,N,N,retail,1500,687 9th Avenue,New York,NY,652-212-7020,10036,-73.99034119,40.7618866,31,Hell's Kitchen
1439,2019-04-18,11:12:35,Y,2,5,2.5,N,Ainsley,Evelyn,Coffee Wrangler,7/31/2003,7,#REF!,5,Hall,Meredith@consequat.us,2017-03-22,178-549-5253,1955-03-03,M,1955,Beverages,Tea,Brewed Chai tea,Morning Sunrise Chai Rg,Face the morning after your yoga routine. ,16 oz,0.629999995,$2.50 ,Y,N,N,retail,900,100 Church Street,New York,NY,343-212-5151,10007,-74.01013184,40.71329117,16,Lower Manhattan
1103,2019-04-06,12:10:40,Y,2,7,3.5,N,Kylie,Candace,Coffee Wrangler,1/30/2011,10,#REF!,8,Gareth,Solomon@faucibus.us,2018-03-14,293-761-9275,1965-11-08,M,1965,Beverages,Coffee,Organic brewed coffee,Brazilian Lg,It's like Carnival in a cup. Clean and smooth.,24 oz,0.699999988,$3.50 ,Y,N,N,retail,1500,687 9th Avenue,New York,NY,652-212-7020,10036,-73.99034119,40.7618866,31,Hell's Kitchen
1572,2019-04-04,17:04:51,Y,1,3.75,3.75,N,Amela,Chadwick,Coffee Wrangler,9/17/2005,7,#REF!,5,Dolan,Karen@feugiat.gov,2017-08-16,949-967-8535,1985-12-30,N,1985,Food,Bakery,Scone,Jumbo Savory Scone,"Anytime, anywhere",single,2.440000057,$3.75 ,N,N,N,retail,900,100 Church Street,New York,NY,343-212-5151,10007,-74.01013184,40.71329117,16,Lower Manhattan
1200,2019-04-03,17:28:50,N,2,6,3,N,Remedios,Mari,Coffee Wrangler,5/9/2014,4,#REF!,8,Leslie,Charissa@Integer.us,2018-02-27,182-572-1544,1975-09-08,F,1975,Beverages,Coffee,Barista Espresso,Espresso shot,You will think you are in Venice when you sip this one. ,1.5 oz,0.600000024,$3.00 ,Y,N,N,retail,1500,687 9th Avenue,New York,NY,652-212-7020,10036,-73.99034119,40.7618866,31,Hell's Kitchen
1308,2019-04-02,17:41:54,Y,2,5,2.5,N,Joelle,Christen,Store Manager,11/11/2013,7,#REF!,5,Ulla,Bo@inceptos.us,2018-01-20,546-836-0220,1973-11-28,F,1973,Beverages,Tea,Brewed herbal tea,Lemon Grass Rg,You will think you are in Thailand. ,16 oz,0.629999995,$2.50 ,Y,N,N,retail,900,100 Church Street,New York,NY,343-212-5151,10007,-74.01013184,40.71329117,16,Lower Manhattan
1622,2019-04-05,18:04:00,Y,1,4.5,4.5,N,Remedios,Mari,Coffee Wrangler,5/9/2014,4,#REF!,8,Emma,Ivory@interdum.edu,2017-12-29,125-641-7147,1990-03-22,F,1990,Food,Bakery,Scone,Scottish Cream Scone ,Old time comfort,single,2.930000067,$4.50 ,N,N,N,retail,1500,687 9th Avenue,New York,NY,652-212-7020,10036,-73.99034119,40.7618866,31,Hell's Kitchen
2467,2019-04-03,13:53:24,N,1,4.5,4.5,N,Remedios,Mari,Coffee Wrangler,5/9/2014,4,#REF!,8,Malachi,Ishmael@mauris.us,2018-03-17,022-546-4271,1988-09-18,M,1988,Beverages,Drinking Chocolate,Hot chocolate,Dark chocolate Lg,"Slightly bitter, but still very rich. ",16 oz,3.380000114,$4.50 ,Y,N,N,retail,1500,687 9th Avenue,New York,NY,652-212-7020,10036,-73.99034119,40.7618866,31,Hell's Kitchen
452,2019-04-05,12:00:19,N,2,4,2,N,Quail,Octavia,Coffee Wrangler,12/5/2014,5,#REF!,3,Eleanor Stephens,Clementine@ullamcorper.us,2018-01-21,028-324-8482,1973-12-19,F,1973,Beverages,Coffee,Gourmet brewed coffee,Columbian Medium Roast Sm,A smooth cup of coffee any time of day. ,8 oz,0.400000006,$2.00 ,Y,N,N,retail,1300,32-20 Broadway,Long Island City,NY,777-718-3190,11106,-73.92401123,40.76119614,6,Astoria
879,2019-04-04,12:59:15,Y,1,4.25,4.25,N,Quail,Octavia,Coffee Wrangler,12/5/2014,5,#REF!,3,Dorothy Cortez,Alika@auctor.gov,2018-08-22,965-870-4747,1987-02-09,F,1987,Beverages,Coffee,Barista Espresso,Latte Rg,You will think you are in Venice when you sip this one. ,3.0 oz,0.850000024,$4.25 ,Y,N,N,retail,1300,32-20 Broadway,Long Island City,NY,777-718-3190,11106,-73.92401123,40.76119614,6,Astoria
2388,2019-04-01,15:16:37,N,2,7.5,3.75,N,Joelle,Christen,Store Manager,11/11/2013,7,#REF!,5,Gail,Whoopi@non.edu,2018-07-27,099-392-7300,1994-10-14,N,1994,Beverages,Coffee,Barista Espresso,Latte,You will think you are in Venice when you sip this one. ,1.5 oz,0.75,$3.75 ,Y,N,N,retail,900,100 Church Street,New York,NY,343-212-5151,10007,-74.01013184,40.71329117,16,Lower Manhattan
1113,2019-04-04,11:32:30,N,2,6,3,N,Joelle,Christen,Store Manager,11/11/2013,7,#REF!,5,Buckminster,Helen@ligula.com,2018-03-05,339-575-8262,1976-08-11,M,1976,Beverages,Tea,Brewed Black tea,Earl Grey Lg,Tradition in a cup.,24 oz,0.75,$3.00 ,Y,N,N,retail,900,100 Church Street,New York,NY,343-212-5151,10007,-74.01013184,40.71329117,16,Lower Manhattan
2275,2019-04-02,18:05:28,N,2,9.5,4.75,N,Amela,Chadwick,Coffee Wrangler,9/17/2005,7,#REF!,5,Haviva,Quinn@Curae.net,2018-03-19,397-951-8930,1977-06-15,F,1977,Beverages,Drinking Chocolate,Hot chocolate,Sustainably Grown Organic Lg,Just pure notes of spice.,16 oz,3.559999943,$4.75 ,Y,N,N,retail,900,100 Church Street,New York,NY,343-212-5151,10007,-74.01013184,40.71329117,16,Lower Manhattan
2814,2019-04-28,09:37:09,N,2,6,3,N,Damon,Sasha,Coffee Wrangler,6/5/2010,4,#REF!,3,Axel Wallace,Zahir@velit.org,2017-06-08,250-414-4907,1959-12-07,N,1959,Beverages,Coffee,Gourmet brewed coffee,Columbian Medium Roast Lg,A smooth cup of coffee any time of day. ,24 oz,0.600000024,$3.00 ,Y,N,N,retail,1300,32-20 Broadway,Long Island City,NY,777-718-3190,11106,-73.92401123,40.76119614,6,Astoria
1981,2019-04-06,07:06:06,N,2,5,2.5,N,Amela,Chadwick,Coffee Wrangler,9/17/2005,7,#REF!,5,Abbot,Raja@ante.com,2019-01-26,019-757-1798,1996-10-07,M,1996,Beverages,Tea,Brewed Chai tea,Morning Sunrise Chai Rg,Face the morning after your yoga routine. ,16 oz,0.629999995,$2.50 ,Y,N,N,retail,900,100 Church Street,New York,NY,343-212-5151,10007,-74.01013184,40.71329117,16,Lower Manhattan
139,2019-04-01,13:55:04,Y,1,2.5,2.5,N,Britanni,Jorden,Coffee Wrangler,3/25/2006,4,#REF!,5,Jerry,Craig@mus.com,2018-08-04,295-133-2848,1994-12-19,N,1994,Beverages,Tea,Brewed herbal tea,Lemon Grass Rg,You will think you are in Thailand. ,16 oz,0.629999995,$2.50 ,Y,N,N,retail,900,100 Church Street,New York,NY,343-212-5151,10007,-74.01013184,40.71329117,16,Lower Manhattan
665,2019-04-22,07:12:36,N,1,3,3,N,Reed,Eve,Store Manager,3/30/2006,5,#REF!,3,Gavin Roth,Noble@tempus.us,2018-10-06,752-364-4287,1989-11-15,M,1989,Beverages,Coffee,Organic brewed coffee,Brazilian Rg,It's like Carnival in a cup. Clean and smooth.,16 oz,0.600000024,$3.00 ,Y,N,N,retail,1300,32-20 Broadway,Long Island City,NY,777-718-3190,11106,-73.92401123,40.76119614,6,Astoria
1881,2019-04-15,16:52:30,N,1,4.25,4.25,N,Ainsley,Evelyn,Coffee Wrangler,7/31/2003,7,#REF!,5,Todd,Emmanuel@porta.com,2017-07-16,043-623-5166,1985-03-17,N,1985,Beverages,Coffee,Barista Espresso,Cappuccino Lg,You will think you are in Venice when you sip this one. ,3.0 oz,0.850000024,$4.25 ,Y,N,N,retail,900,100 Church Street,New York,NY,343-212-5151,10007,-74.01013184,40.71329117,16,Lower Manhattan
110,2019-04-10,09:37:38,Y,1,3,3,N,Ronan,Magee,Coffee Wrangler,2/13/2002,5,#REF!,3,Alika Rivas,Yoshi@aliquam.us,2017-01-04,021-443-0682,1950-05-13,F,1950,Beverages,Tea,Brewed herbal tea,Peppermint Lg,A cool and refreshing cup.,24 oz,0.75,$3.00 ,Y,N,N,retail,1300,32-20 Broadway,Long Island City,NY,777-718-3190,11106,-73.92401123,40.76119614,6,Astoria
2113,2019-04-03,19:03:50,Y,1,3.25,3.25,N,Pandora,Neville,Coffee Wrangler,3/21/2019,10,#REF!,8,Barry,Teegan@magna.edu,2018-05-11,451-001-8551,1997-04-18,M,1997,Food,Bakery,Scone,Ginger Scone,Little bit of spice,single,2.109999895,$3.25 ,N,N,N,retail,1500,687 9th Avenue,New York,NY,652-212-7020,10036,-73.99034119,40.7618866,31,Hell's Kitchen
1207,2019-04-06,12:25:53,N,1,2.200000048,2.200000048,N,Kylie,Candace,Coffee Wrangler,1/30/2011,10,#REF!,8,Alika,James@amet.net,2017-10-06,042-267-6015,1976-02-18,F,1976,Beverages,Coffee,Gourmet brewed coffee,Ethiopia Sm,A bold cup when you want that something extra.,8 oz,0.439999998,$2.20 ,Y,N,N,retail,1500,687 9th Avenue,New York,NY,652-212-7020,10036,-73.99034119,40.7618866,31,Hell's Kitchen
2451,2019-04-24,14:57:42,N,2,8.5,4.25,N,Tatum,Laurel,Coffee Wrangler,1/31/2015,10,#REF!,8,McKenzie,Britanni@nibh.org,2017-04-02,096-107-2216,1979-01-31,F,1979,Beverages,Coffee,Barista Espresso,Latte Rg,You will think you are in Venice when you sip this one. ,3.0 oz,0.850000024,$4.25 ,Y,N,N,retail,1500,687 9th Avenue,New York,NY,652-212-7020,10036,-73.99034119,40.7618866,31,Hell's Kitchen
131,2019-04-13,09:11:39,Y,1,3,3,N,Pandora,Neville,Coffee Wrangler,3/21/2019,10,#REF!,8,Hammett,Kalia@taciti.com,2017-06-02,726-725-2088,1989-07-01,N,1989,Beverages,Coffee,Gourmet brewed coffee,Columbian Medium Roast Lg,A smooth cup of coffee any time of day. ,24 oz,0.600000024,$3.00 ,Y,N,N,retail,1500,687 9th Avenue,New York,NY,652-212-7020,10036,-73.99034119,40.7618866,31,Hell's Kitchen
555,2019-04-17,06:25:10,Y,2,9.5,4.75,N,Joseph,Byron,Coffee Wrangler,5/17/2014,7,#REF!,5,Rhonda,Roary@erat.com,2018-05-10,997-180-7732,1980-09-18,F,1980,Beverages,Drinking Chocolate,Hot chocolate,Sustainably Grown Organic Lg,Just pure notes of spice.,16 oz,3.559999943,$4.75 ,Y,N,N,retail,900,100 Church Street,New York,NY,343-212-5151,10007,-74.01013184,40.71329117,16,Lower Manhattan
271,2019-04-08,11:01:39,Y,2,6.199999809,3.099999905,N,Kelsey,Cameron,Coffee Wrangler,10/18/2003,3,#REF!,3,Jelani Le,Sigourney@velit.us,2018-06-09,172-579-9378,1982-07-23,M,1982,Beverages,Tea,Brewed Chai tea,Spicy Eye Opener Chai Lg,When you need your eyes opened wide.,24 oz,0.779999971,$3.10 ,Y,N,N,retail,1300,32-20 Broadway,Long Island City,NY,777-718-3190,11106,-73.92401123,40.76119614,6,Astoria
2175,2019-04-22,08:08:05,Y,2,5,2.5,N,Damon,Sasha,Coffee Wrangler,6/5/2010,4,#REF!,3,Fleur Russo,Aurelia@euismod.com,2019-03-23,891-499-2656,2000-04-01,F,2000,Beverages,Tea,Brewed Black tea,English Breakfast Rg,The Queen's favourite cuppa in the morning. ,16 oz,0.629999995,$2.50 ,Y,N,N,retail,1300,32-20 Broadway,Long Island City,NY,777-718-3190,11106,-73.92401123,40.76119614,6,Astoria
9,2019-04-10,07:20:32,Y,1,3.25,3.25,N,Adrian,Macon,Store Manager,10/13/2001,10,#REF!,8,Natalie,Carlos@nonummy.us,2018-10-01,085-129-8748,1957-03-11,F,1957,Food,Bakery,Scone,Cranberry Scone,Like Grandma used to make,single,2.109999895,$3.25 ,N,N,N,retail,1500,687 9th Avenue,New York,NY,652-212-7020,10036,-73.99034119,40.7618866,31,Hell's Kitchen
582,2019-04-21,09:52:12,N,1,3.75,3.75,N,Remedios,Mari,Coffee Wrangler,5/9/2014,4,#REF!,8,Hermione,Baker@Donec.edu,2017-09-29,568-085-8311,1959-06-06,F,1959,Beverages,Drinking Chocolate,Hot chocolate,Sustainably Grown Organic Rg,Just pure notes of spice.,12 oz,2.809999943,$3.75 ,Y,N,N,retail,1500,687 9th Avenue,New York,NY,652-212-7020,10036,-73.99034119,40.7618866,31,Hell's Kitchen
109,2019-04-23,09:53:16,Y,1,3.75,3.75,N,Xena,Rahim,Store Manager,7/24/2016,3,#REF!,8,Amity,Gannon@sem.net,2018-03-21,146-428-0486,1959-02-12,F,1959,Food,Bakery,Scone,Jumbo Savory Scone,"Anytime, anywhere",single,2.440000057,$3.75 ,N,N,N,retail,1500,687 9th Avenue,New York,NY,652-212-7020,10036,-73.99034119,40.7618866,31,Hell's Kitchen
1732,2019-04-01,09:29:57,Y,1,3,3,N,Remedios,Mari,Coffee Wrangler,5/9/2014,4,#REF!,8,Ciara,Rigel@luctus.com,2017-11-08,193-078-2397,1999-03-19,N,1999,Beverages,Tea,Brewed Chai tea,Traditional Blend Chai Lg,Sit back and think of the tropical breezes.,24 oz,0.75,$3.00 ,Y,N,N,retail,1500,687 9th Avenue,New York,NY,652-212-7020,10036,-73.99034119,40.7618866,31,Hell's Kitchen
1241,2019-04-03,07:52:04,Y,1,4.25,4.25,N,Britanni,Jorden,Coffee Wrangler,3/25/2006,4,#REF!,5,Xandra,Caryn@rutrum.org,2018-10-23,591-503-7739,1990-12-03,F,1990,Beverages,Coffee,Barista Espresso,Cappuccino Lg,You will think you are in Venice when you sip this one. ,3.0 oz,0.850000024,$4.25 ,Y,N,N,retail,900,100 Church Street,New York,NY,343-212-5151,10007,-74.01013184,40.71329117,16,Lower Manhattan
1982,2019-04-23,14:17:25,Y,1,3,3,N,Tatum,Laurel,Coffee Wrangler,1/31/2015,10,#REF!,8,Neve,Clarke@egestas.org,2017-01-31,206-883-8196,1956-01-05,F,1956,Beverages,Tea,Brewed Black tea,English Breakfast Lg,The Queen's favourite cuppa in the morning. ,24 oz,0.75,$3.00 ,Y,N,N,retail,1500,687 9th Avenue,New York,NY,652-212-7020,10036,-73.99034119,40.7618866,31,Hell's Kitchen
668,2019-04-28,09:20:47,Y,2,7,3.5,N,Pandora,Neville,Coffee Wrangler,3/21/2019,10,#REF!,8,Zachary,Angelica@lacinia.gov,2017-05-08,192-810-5724,1961-03-01,M,1961,Beverages,Coffee,Organic brewed coffee,Brazilian Lg,It's like Carnival in a cup. Clean and smooth.,24 oz,0.699999988,$3.50 ,Y,N,N,retail,1500,687 9th Avenue,New York,NY,652-212-7020,10036,-73.99034119,40.7618866,31,Hell's Kitchen
2767,2019-04-05,14:30:42,Y,2,6.199999809,3.099999905,N,Pandora,Neville,Coffee Wrangler,3/21/2019,10,#REF!,8,Cruz,Blake@Ut.com,2018-08-16,174-407-7996,1996-12-03,M,1996,Beverages,Tea,Brewed Chai tea,Spicy Eye Opener Chai Lg,When you need your eyes opened wide.,24 oz,0.779999971,$3.10 ,Y,N,N,retail,1500,687 9th Avenue,New York,NY,652-212-7020,10036,-73.99034119,40.7618866,31,Hell's Kitchen
434,2019-04-05,15:32:59,Y,1,3,3,N,Remedios,Mari,Coffee Wrangler,5/9/2014,4,#REF!,8,Rinah,Fitzgerald@per.net,2018-11-18,725-632-9678,1953-09-30,F,1953,Beverages,Tea,Brewed Green tea,Serenity Green Tea Lg,Feel the stress leaving your body. ,24 oz,0.75,$3.00 ,Y,N,N,retail,1500,687 9th Avenue,New York,NY,652-212-7020,10036,-73.99034119,40.7618866,31,Hell's Kitchen
173,2019-04-20,07:39:35,Y,1,3,3,N,Britanni,Jorden,Coffee Wrangler,3/25/2006,4,#REF!,3,Kalia Drake,Beau@Maecenas.org,2017-04-27,567-912-1942,1957-05-19,F,1957,Beverages,Tea,Brewed Black tea,Earl Grey Lg,Tradition in a cup.,24 oz,0.75,$3.00 ,Y,N,N,retail,1300,32-20 Broadway,Long Island City,NY,777-718-3190,11106,-73.92401123,40.76119614,6,Astoria
242,2019-04-11,19:23:08,N,2,9,4.5,N,Reed,Eve,Store Manager,3/30/2006,5,#REF!,3,Benjamin Mcguire,Vernon@Duis.gov,2017-08-10,913-670-1136,1963-11-05,M,1963,Beverages,Drinking Chocolate,Hot chocolate,Dark chocolate Lg,"Slightly bitter, but still very rich. ",16 oz,3.380000114,$4.50 ,Y,N,N,retail,1300,32-20 Broadway,Long Island City,NY,777-718-3190,11106,-73.92401123,40.76119614,6,Astoria
288,2019-04-08,16:25:50,Y,2,1.600000024,0.800000012,N,Ainsley,Evelyn,Coffee Wrangler,7/31/2003,7,#REF!,5,Lucy,Jenette@per.com,2018-01-01,877-410-1368,1989-07-06,N,1989,Add-ons,Flavours,Sugar free syrup,Sugar Free Vanilla syrup,Our favorite,pump,0.039999999,$0.80 ,Y,N,N,retail,900,100 Church Street,New York,NY,343-212-5151,10007,-74.01013184,40.71329117,16,Lower Manhattan
1285,2019-04-06,13:06:38,Y,1,2.5,2.5,N,Joelle,Christen,Store Manager,11/11/2013,7,#REF!,5,Leila,Destiny@Cras.net,2018-03-12,893-303-6522,1977-01-11,F,1977,Beverages,Tea,Brewed Chai tea,Morning Sunrise Chai Rg,Face the morning after your yoga routine. ,16 oz,0.629999995,$2.50 ,Y,N,N,retail,900,100 Church Street,New York,NY,343-212-5151,10007,-74.01013184,40.71329117,16,Lower Manhattan
1125,2019-04-01,10:51:23,Y,2,9,4.5,N,Amela,Chadwick,Coffee Wrangler,9/17/2005,7,#REF!,5,Cynthia,Len@Morbi.us,2019-03-01,136-049-5766,2000-04-19,N,2000,Beverages,Drinking Chocolate,Hot chocolate,Dark chocolate Lg,"Slightly bitter, but still very rich. ",16 oz,3.380000114,$4.50 ,Y,N,N,retail,900,100 Church Street,New York,NY,343-212-5151,10007,-74.01013184,40.71329117,16,Lower Manhattan